{"ageGroups":[{"min":{"year":0,"month":0,"day":0},"max":{"year":1,"month":0,"day":0}},{"min":{"year":1,"month":0,"day":0},"max":{"year":2,"month":0,"day":0}}],"detections":["MQE0141","MQE0529","MQE0166","MQE0118","MQE0146","MQE0110","MQE0094","MQE0108","MQE0113","MQE0092","MQE0080","MQE0153","MQE0081","MQE0154","MQE0171","MQE0209","MQE0138","MQE0176","MQE0589","MQE0261","MQE0244","MQE0308","MQE0352","MQE0332","MQE0339","MQE0337","MQE0468","MQE0586","MQE0338","MQE0592","MQE0595","MQE0594","MQE0593","MQE0251","MQE0255","MQE0245","MQE0258","MQE0568","MQE0565","MQE0566","MQE0567","MQE0262","MQE0263","MQE0264","MQE0327","MQE0596","MQE0120","MQE0309","MQE0344","MQE0278","MQE0284","MQE0569","MQE0570","MQE0571","MQE0572","MQE0575","MQE0576","MQE0577","MQE0578"],"asOf":"12/31/2019","vaxCodeAbstraction":null}